feature,mutual_info,rf_importance,composite_importance
strongest_beacon_idx,1.8376469867239447,0.03278143934144374,0.7035222520513884
power_sum,0.650277824793112,0.077320119265274,0.5733243167610843
top2_delta,0.7015508698278277,0.06662109469182602,0.520529548210197
b3002,1.096853585249142,0.04073964088109824,0.4902963761532523
max_rssi,0.5641683369293409,0.06544521728121883,0.4633343766599623
b3002_norm,1.067612916136179,0.035630642937670216,0.44578014034831626
mean_rssi,0.529006522328209,0.06439793795393643,0.44372778309613664
b3004_norm,1.077145919496263,0.026672917530146154,0.3895774719594177
b3003_norm,0.9914449127719624,0.030646862468077032,0.3852343087027477
min_rssi,0.4462281324920374,0.060065927622276714,0.38514513530349975
b3003,0.946030825758915,0.03303567720618519,0.38481643237870244
b3004,1.0265503515013865,0.027611199122314065,0.3776419842689379
b3005_norm,0.8691955154421294,0.03289038947338854,0.3562388877071462
b3006,0.9118134184746678,0.027079464598280395,0.3328722295912407
b3006_norm,0.8661346526277436,0.027839294469491932,0.32151568426590416
b3005,0.8230710396686138,0.029382775388408423,0.31631536125184023
second_max_rssi,0.7001582450099608,0.03374438686915676,0.30118086696521096
std_rssi,0.6734925881987399,0.03229199935971426,0.2819306714816211
b3004_present,1.0951265483458306,0.008431436191684875,0.2746118433773339
rssi_spread,0.6431611539668225,0.032668362825309265,0.27353652361678454
b3002_present,1.0210585668209724,0.01106113136690707,0.26550077432685715
b3003_present,0.9190551782042533,0.010813321405829284,0.22719674279487256
b3013,0.7888973967332582,0.01209856276720285,0.18898052226693307
b3006_present,0.8208460611477166,0.00975057863678974,0.18483145504049459
b3008_norm,0.724917215896272,0.014235407669535188,0.18021373380787656
b3012_norm,0.8063805405355682,0.009594618956111939,0.17859516969955397
b3005_present,0.8110896725408976,0.00915692724439874,0.1773738207223116
b3013_norm,0.7499655524396065,0.0120094033254801,0.17439704025905872
b3007,0.8041055893708222,0.007846334580192757,0.16613998523156343
b3012,0.748083710366167,0.010695214399198674,0.16497273275962218
b3008,0.6724048170220396,0.014646802440372446,0.16408214839166335
b3011,0.8132426044592851,0.00631856060338715,0.1592534958946833
b3007_present,0.7924305015234694,0.004240458020135425,0.1379415912819149
b3009,0.7686599947349277,0.0054433321595093506,0.13740686265541194
b3011_norm,0.7596546180539141,0.00568754957310365,0.13579648795594318
b3001_norm,0.7572015172751208,0.003975046523551818,0.12351546947286415
b3011_present,0.7557019947454622,0.003819240751004566,0.12193948073475128
b3013_present,0.7518151628532559,0.0034706040309306213,0.11822201804162563
num_detected,0.54238104805634,0.014601875494497343,0.11705963957626014
b3008_present,0.6913767722892104,0.006062382152851764,0.11375628016004088
b3007_norm,0.6515335394434025,0.008008077745104432,0.11239058232660984
b3010,0.7078128338824037,0.004791617801793383,0.1112034890927513
b3010_present,0.7540354629863542,0.002207095281130517,0.1106091560197431
b3012_present,0.7128562172964559,0.003078151835121678,0.10160988812065182
b3009_norm,0.6436480582794744,0.006453437206361549,0.0992082959382455
b3001_present,0.6951784739135176,0.0023989045708164404,0.09073597071619989
b3010_norm,0.6488694554030401,0.00446679134344948,0.08786020448715687
b3001,0.6279763509221521,0.0036128831923443816,0.07466820798919217
b3009_present,0.6068882589388567,0.00415890344598666,0.07072495620734598
