class_idx,location,coord_x,coord_y,sample_count,accuracy,mean_distance_error
102,U15,20,15,1,0.0,13.892443989449804
98,U02,20,2,2,0.0,7.383016031820729
27,K01,10,1,1,0.0,5.0
65,P03,15,3,2,0.0,5.0
63,P01,15,1,3,0.0,4.776478905711222
101,U05,20,5,2,0.0,4.47213595499958
6,I01,8,1,4,0.0,4.144671381291779
95,T05,19,5,2,0.0,4.123105625617661
99,U03,20,3,3,0.0,3.924233011581783
97,U01,20,1,2,0.0,3.692582403567252
17,J01,9,1,3,0.0,3.6309740756640565
59,O03,14,3,3,0.0,3.314757303333053
7,I02,8,2,4,0.0,3.2694218076158923
74,Q05,16,5,5,0.2,3.181727825061774
100,U04,20,4,2,0.0,3.179586801558725
64,P02,15,2,1,0.0,3.1622776601683795
75,Q06,16,6,1,0.0,3.1622776601683795
61,O05,14,5,5,0.4,3.111269837220809
53,N04,13,4,2,0.0,3.08113883008419
9,I04,8,4,3,0.0,3.0786893258332633
58,O02,14,2,2,0.0,3.0
96,T15,19,15,1,0.0,3.0
89,S07,18,7,2,0.5,3.0
8,I03,8,3,4,0.0,2.928694160529716
45,M02,12,2,3,0.0,2.8781378717226533
78,R03,17,3,3,0.0,2.85354109927885
66,P04,15,4,3,0.0,2.8457730626635853
72,Q03,16,3,4,0.0,2.8284271247461903
34,K08,10,8,2,0.0,2.8284271247461903
39,L05,11,5,3,0.0,2.742257587471453
18,J02,9,2,4,0.0,2.699172818834085
48,M05,12,5,2,0.0,2.58113883008419
73,Q04,16,4,4,0.5,2.5
38,L04,11,4,4,0.0,2.4571067811865475
60,O04,14,4,5,0.4,2.321110255092798
85,S03,18,3,3,0.0,2.2761423749153966
93,T03,19,3,1,0.0,2.23606797749979
3,E15,4,15,1,0.0,2.23606797749979
79,R04,17,4,2,0.0,2.23606797749979
70,Q01,16,1,1,0.0,2.23606797749979
68,P06,15,6,2,0.0,2.23606797749979
80,R05,17,5,3,0.0,2.1791063959969184
47,M04,12,4,4,0.0,2.103553390593274
10,I05,8,5,4,0.0,2.0606601717798214
91,S15,18,15,1,0.0,2.0
50,N01,13,1,2,0.5,2.0
0,D13,3,13,1,0.0,2.0
77,R02,17,2,4,0.0,1.8512295868219164
33,K07,10,7,2,0.0,1.618033988749895
36,L02,11,2,2,0.5,1.5811388300841898
13,I08,8,8,5,0.6,1.56619037896906
31,K05,10,5,5,0.4,1.554677433098109
19,J03,9,3,5,0.0,1.530056307974577
67,P05,15,5,2,0.0,1.5
32,K06,10,6,4,0.25,1.5
24,J08,9,8,2,0.0,1.4142135623730951
41,L08,11,8,1,0.0,1.4142135623730951
94,T04,19,4,2,0.0,1.4142135623730951
11,I06,8,6,5,0.4,1.321110255092798
87,S05,18,5,4,0.5,1.25
62,O06,14,6,3,0.0,1.1380711874576983
25,J10,9,10,1,0.0,1.0
35,L01,11,1,1,0.0,1.0
28,K02,10,2,2,0.0,1.0
40,L06,11,6,4,0.75,1.0
71,Q02,16,2,1,0.0,1.0
43,L15,11,15,2,0.5,1.0
103,V15,21,15,1,0.0,1.0
90,S08,18,8,1,0.0,1.0
37,L03,11,3,3,0.6666666666666666,1.0
16,I15,8,15,1,0.0,1.0
92,T01,19,1,1,0.0,1.0
81,R06,17,6,1,0.0,1.0
76,R01,17,1,3,0.0,1.0
12,I07,8,7,5,0.2,0.882842712474619
21,J05,9,5,4,0.25,0.8535533905932737
22,J06,9,6,6,0.5,0.8047378541243649
83,S01,18,1,5,0.4,0.765685424949238
49,M06,12,6,4,0.5,0.75
86,S04,18,4,4,0.25,0.75
51,N02,13,2,2,0.5,0.7071067811865476
14,I09,8,9,2,0.5,0.7071067811865476
54,N05,13,5,2,0.5,0.7071067811865476
29,K03,10,3,5,0.6,0.6
30,K04,10,4,7,0.42857142857142855,0.5714285714285714
20,J04,9,4,6,0.5,0.5690355937288492
84,S02,18,2,4,0.5,0.5
2,D15,3,15,3,0.6666666666666666,0.3333333333333333
52,N03,13,3,3,0.6666666666666666,0.3333333333333333
23,J07,9,7,5,0.8,0.282842712474619
88,S06,18,6,4,0.75,0.25
1,D14,3,14,1,1.0,0.0
15,I10,8,10,3,1.0,0.0
4,F08,5,8,1,1.0,0.0
5,G15,6,15,1,1.0,0.0
26,J15,9,15,2,1.0,0.0
69,P15,15,15,1,1.0,0.0
46,M03,12,3,2,1.0,0.0
55,N06,13,6,3,1.0,0.0
44,M01,12,1,2,1.0,0.0
56,N15,13,15,2,1.0,0.0
82,R15,17,15,2,1.0,0.0
104,W15,22,15,3,1.0,0.0
