model,noise_std_dbm,accuracy,mean_distance_error
Optimized KNN,0.0,0.35563380281690143,1.903682256392233
Random Forest,0.0,0.34507042253521125,1.8532942177013294
SVM,0.0,0.29577464788732394,1.8196987604011134
XGBoost,0.0,0.3028169014084507,1.9246112039103318
Soft Voting,0.0,0.352112676056338,1.8763576814377885
Optimized KNN,2.0,0.2605633802816901,2.22085302636195
Random Forest,2.0,0.2746478873239437,2.0100336129776384
SVM,2.0,0.27816901408450706,1.9935123618311845
XGBoost,2.0,0.2605633802816901,2.016820941144754
Soft Voting,2.0,0.2746478873239437,2.014649100073683
Optimized KNN,5.0,0.21830985915492956,2.217055595683645
Random Forest,5.0,0.25,2.0428761846774073
SVM,5.0,0.23591549295774647,2.2015371651758073
XGBoost,5.0,0.19718309859154928,2.3760854503722757
Soft Voting,5.0,0.25704225352112675,2.081584260983676
Optimized KNN,8.0,0.18661971830985916,2.210561460678962
Random Forest,8.0,0.14788732394366197,2.3146124799855845
SVM,8.0,0.19718309859154928,2.2804215007442297
XGBoost,8.0,0.13028169014084506,2.634856856139507
Soft Voting,8.0,0.18309859154929578,2.271704271001812
Optimized KNN,12.0,0.17253521126760563,2.3087667845180135
Random Forest,12.0,0.1619718309859155,2.4673801819633554
SVM,12.0,0.15845070422535212,2.810790790758034
XGBoost,12.0,0.10915492957746478,3.0921068012481316
Soft Voting,12.0,0.15845070422535212,2.3387190116901504
Optimized KNN,15.0,0.16549295774647887,2.3738144330741138
Random Forest,15.0,0.13732394366197184,2.6371314527985965
SVM,15.0,0.16549295774647887,2.6649489137810884
XGBoost,15.0,0.10211267605633803,3.126969040066841
Soft Voting,15.0,0.1443661971830986,2.3986332366920413
Optimized KNN,20.0,0.13732394366197184,2.489050524514181
Random Forest,20.0,0.11267605633802817,2.6447595653763534
SVM,20.0,0.10211267605633803,3.854048780461452
XGBoost,20.0,0.12323943661971831,3.1772224456871423
Soft Voting,20.0,0.1443661971830986,2.3873373053650266
